Product code,Bureau of Meteorology station number,Year,Month,Mean maximum temperature (°C),Quality
IDCJAC0002,033327,2015,03,32.7,Y
IDCJAC0002,033327,2015,04,30.9,Y
IDCJAC0002,033327,2015,05,28.1,Y
IDCJAC0002,033327,2015,06,25.9,Y
IDCJAC0002,033327,2015,07,25.2,Y
IDCJAC0002,033327,2015,08,26.4,Y
IDCJAC0002,033327,2015,09,27.8,Y
IDCJAC0002,033327,2015,10,28.8,Y
IDCJAC0002,033327,2015,11,31.3,Y
IDCJAC0002,033327,2015,12,32.2,Y
IDCJAC0002,033327,2016,01,32.5,Y
IDCJAC0002,033327,2016,02,33.0,Y
IDCJAC0002,033327,2016,03,30.9,Y
IDCJAC0002,033327,2016,04,30.1,Y
IDCJAC0002,033327,2016,05,29.5,Y
IDCJAC0002,033327,2016,06,26.4,Y
