Product code,Station Number,Year,Jan,Feb,Mar,Apr,May,Jun,Jul,Aug,Sep,Oct,Nov,Dec,Annual
IDCJAC0002,032135,1978,null,null,null,null,null,null,null,null,null,null,null,30.8,null
IDCJAC0002,032135,1979,29.5,29.9,30.0,27.7,26.1,23.9,23.2,24.7,26.7,28.7,29.6,30.9,27.6
IDCJAC0002,032135,1980,31.5,null,29.5,null,26.8,25.3,24.8,24.4,27.1,28.8,30.8,null,null
IDCJAC0002,032135,1981,28.5,31.6,31.1,29.6,26.0,25.2,24.7,26.2,25.8,null,30.7,32.2,null
IDCJAC0002,032135,1982,32.2,31.2,30.6,27.5,26.5,23.5,23.1,22.0,null,null,null,null,null
