Product code,Station Number,Year,Jan,Feb,Mar,Apr,May,Jun,Jul,Aug,Sep,Oct,Nov,Dec,Annual
IDCJAC0002,040457,1976,null,null,null,null,null,null,null,null,null,27.1,30.1,31.6,null
IDCJAC0002,040457,1977,31.8,30.7,29.2,27.3,24.5,21.4,21.2,24.0,25.7,28.8,29.9,31.2,27.1
IDCJAC0002,040457,1978,31.6,31.7,29.8,27.9,23.3,20.2,20.6,20.8,23.7,25.3,27.6,30.4,26.1
IDCJAC0002,040457,1979,30.0,29.3,29.4,28.2,23.7,22.5,21.1,22.5,24.9,26.7,29.0,32.4,26.6
IDCJAC0002,040457,1980,32.8,29.7,null,null,null,null,null,null,null,null,null,null,null
