Product code,Bureau of Meteorology station number,Year,Month,Mean maximum temperature (°C),Quality
IDCJAC0002,036167,1996,06,26.5,Y
IDCJAC0002,036167,1996,07,23.5,Y
IDCJAC0002,036167,1996,08,25.8,Y
IDCJAC0002,036167,1996,09,31.0,Y
IDCJAC0002,036167,1996,10,32.0,Y
IDCJAC0002,036167,1996,11,36.1,Y
IDCJAC0002,036167,1996,12,37.5,Y
IDCJAC0002,036167,1997,01,35.9,Y
IDCJAC0002,036167,1997,02,34.2,Y
IDCJAC0002,036167,1997,03,33.2,Y
IDCJAC0002,036167,1997,04,31.6,Y
IDCJAC0002,036167,1997,05,26.0,Y
