Product code,Bureau of Meteorology station number,Year,Month,Mean maximum temperature (°C),Quality
IDCJAC0002,040910,1997,07,21.6,Y
IDCJAC0002,040910,1997,09,26.5,Y
IDCJAC0002,040910,1997,10,27.2,Y
IDCJAC0002,040910,1997,11,29.8,Y
IDCJAC0002,040910,1997,12,32.1,Y
IDCJAC0002,040910,1998,01,32.0,Y
IDCJAC0002,040910,1998,02,32.8,Y
IDCJAC0002,040910,1998,03,33.0,Y
IDCJAC0002,040910,1998,04,27.1,Y
IDCJAC0002,040910,1998,05,24.2,Y
IDCJAC0002,040910,1998,06,22.1,Y
IDCJAC0002,040910,1998,07,21.2,Y
IDCJAC0002,040910,1998,08,22.6,Y
IDCJAC0002,040910,1998,09,25.2,Y
IDCJAC0002,040910,1998,10,28.1,Y
