Product code,Station Number,Year,Jan,Feb,Mar,Apr,May,Jun,Jul,Aug,Sep,Oct,Nov,Dec,Annual
IDCJAC0002,200732,2002,null,null,null,null,null,null,null,24.0,24.8,25.9,26.4,28.3,null
IDCJAC0002,200732,2003,28.3,29.1,28.4,27.4,26.3,25.6,24.9,24.6,25.0,26.3,26.7,28.9,26.8
IDCJAC0002,200732,2004,29.8,30.5,29.1,27.2,26.6,25.3,24.3,24.0,24.7,25.9,27.2,28.5,26.9
IDCJAC0002,200732,2005,29.3,29.9,28.8,27.5,26.0,25.3,25.0,24.2,25.1,26.8,27.2,29.2,27.0
IDCJAC0002,200732,2006,29.4,null,null,null,null,null,null,null,null,null,null,null,null
IDCJAC0002,200732,2015,null,null,null,27.0,null,null,null,null,null,null,null,null,null
